{
  "always_A": {
    "mean": -36.33389408643586,
    "std": 12.741583822505657
  },
  "always_B": {
    "mean": -32.67387973065514,
    "std": 13.295943044613821
  },
  "oracle": {
    "mean": -33.05896514120911,
    "std": 7.817821793110634
  },
  "adaptive": {
    "1": {
      "mean": -34.55863546567124,
      "std": 13.036920035573507,
      "gap_vs_always_A": 1.7752586207646246,
      "p_vs_always_A": 0.029833677939523708,
      "gap_vs_oracle": -1.49967032446213,
      "p_vs_oracle": 0.027768624138747013
    },
    "3": {
      "mean": -34.487680575290256,
      "std": 12.401276916646689,
      "gap_vs_always_A": 1.8462135111456064,
      "p_vs_always_A": 0.020569498070019142,
      "gap_vs_oracle": -1.4287154340811483,
      "p_vs_oracle": 0.029710849704347207
    },
    "5": {
      "mean": -34.20347797789106,
      "std": 10.444568399083362,
      "gap_vs_always_A": 2.1304161085448,
      "p_vs_always_A": 0.003953849670312431,
      "gap_vs_oracle": -1.1445128366819546,
      "p_vs_oracle": 0.05031299308142504
    },
    "10": {
      "mean": -33.69534706039624,
      "std": 9.450563928854802,
      "gap_vs_always_A": 2.6385470260396247,
      "p_vs_always_A": 0.00021413121754832639,
      "gap_vs_oracle": -0.63638191918713,
      "p_vs_oracle": 0.2467168066656266
    },
    "15": {
      "mean": -35.251127637780925,
      "std": 11.184959137651047,
      "gap_vs_always_A": 1.0827664486549367,
      "p_vs_always_A": 0.1540072875492401,
      "gap_vs_oracle": -2.192162496571818,
      "p_vs_oracle": 0.00034880035157237236
    }
  }
}