{
  "3": {
    "aligned_AA": {
      "mean": -9.711719862853453,
      "std": 21.281268696987134,
      "assignments": {
        "same": 55,
        "split": 245,
        "split_pct": 81.66666666666667
      }
    },
    "aligned_BB": {
      "mean": -1.3092406613570367,
      "std": 18.426885769628903,
      "assignments": {
        "same": 39,
        "split": 261,
        "split_pct": 87.0
      }
    },
    "misaligned": {
      "mean": -3.319602743060159,
      "std": 20.197963771359927,
      "assignments": {
        "same": 38,
        "split": 262,
        "split_pct": 87.33333333333333
      }
    },
    "gap_AA_vs_mis": -6.392117119793294,
    "p_AA_vs_mis": 0.0001814374539884152,
    "gap_BB_vs_mis": 2.0103620817031223,
    "p_BB_vs_mis": 0.20406007601063
  }
}